<?xml version="1.0" encoding="UTF-8"?>
<beans xmlns="http://www.springframework.org/schema/beans"
	xmlns:xsi="http://www.w3.org/2001/XMLSchema-instance"
	xmlns:context="http://www.springframework.org/schema/context"
	xmlns:mvc="http://www.springframework.org/schema/mvc"
	xmlns:tx="http://www.springframework.org/schema/tx"
	xsi:schemaLocation="http://www.springframework.org/schema/mvc http://www.springframework.org/schema/mvc/spring-mvc-3.1.xsd
		http://www.springframework.org/schema/beans http://www.springframework.org/schema/beans/spring-beans-3.1.xsd
		http://www.springframework.org/schema/context http://www.springframework.org/schema/context/spring-context-3.1.xsd
		http://www.springframework.org/schema/tx http://www.springframework.org/schema/tx/spring-tx-3.1.xsd">
	
	<!-- Root Context: defines shared resources visible to all other web components -->
	<context:component-scan base-package="edu.ssafy.safefood.service"></context:component-scan>
	<context:component-scan base-package="edu.ssafy.safefood.repository"></context:component-scan>
	<context:component-scan base-package="edu.ssafy.safefood.controller"></context:component-scan>
	
	<mvc:annotation-driven></mvc:annotation-driven>
	
	<!-- DataSource / Connection Pool -->
	<context:property-placeholder location="classpath:/spring/database.properties"/>
	<bean id="datasource" class="org.apache.commons.dbcp.BasicDataSource" destroy-method="close">
		<property name="driverClassName" value="${jdbc.driver}"></property>
		<property name="url" value="${jdbc.url}"></property>
		<property name="username" value="${jdbc.username}"></property>
		<property name="password" value="${jdbc.password}"></property>
	</bean>
	
	<bean id="sqlSessionFactory" class="org.mybatis.spring.SqlSessionFactoryBean">
		<property name="dataSource" ref="datasource"></property>
		<property name="configLocation" value="classpath:/spring/mybatisConfig.xml"></property>
		<property name="mapperLocations">
			<list>
				<value>classpath:/spring/memberSqlMapper.xml</value>
			</list>
		</property>
	</bean>
	<bean id="sqlSession" class="org.mybatis.spring.SqlSessionTemplate">
        <constructor-arg name="sqlSessionFactory" ref="sqlSessionFactory"></constructor-arg>
    </bean>
	
</beans>
